<?xml version="1.0" encoding="UTF-8"?>
<project-private xmlns="http://www.netbeans.org/ns/project-private/1">
    <editor-bookmarks xmlns="http://www.netbeans.org/ns/editor-bookmarks/1"/>
    <editor-bookmarks xmlns="http://www.netbeans.org/ns/editor-bookmarks/2" lastBookmarkId="0"/>
    <open-files xmlns="http://www.netbeans.org/ns/projectui-open-files/2">
        <group>
            <file>file:/D:/GERARDO/UTN/PROG%203/2020/Acceso%20Datos/NucleoSeguridadORM/NucleoSeguridad/src/conexion/BaseDeDatos.java</file>
            <file>file:/D:/GERARDO/UTN/PROG%203/2020/Acceso%20Datos/NucleoSeguridadORM/NucleoSeguridad/src/modelo/Persona.java</file>
            <file>file:/D:/GERARDO/UTN/PROG%203/2020/Acceso%20Datos/NucleoSeguridadORM/NucleoSeguridad/src/modelo/Usuario.java</file>
            <file>file:/D:/GERARDO/UTN/PROG%203/2020/Acceso%20Datos/NucleoSeguridadORM/NucleoSeguridad/src/vista/persona_admin.java</file>
            <file>file:/D:/GERARDO/UTN/PROG%203/2020/Acceso%20Datos/NucleoSeguridadORM/NucleoSeguridad/src/conexion/ConfigHibernate.java</file>
            <file>file:/D:/GERARDO/UTN/PROG%203/2020/Acceso%20Datos/NucleoSeguridadORM/NucleoSeguridad/src/modelo/Perfil.java</file>
            <file>file:/D:/GERARDO/UTN/PROG%203/2020/Acceso%20Datos/NucleoSeguridadORM/NucleoSeguridad/src/modelo/Domicilio.java</file>
        </group>
    </open-files>
</project-private>
