CREATE DATABASE IF NOT EXISTS `sgaprog2` /*!40100 DEFAULT CHARACTER SET utf8mb4 COLLATE utf8mb4_unicode_ci */ /*!80016 DEFAULT ENCRYPTION='N' */;
USE `sgaprog2`;
-- MySQL dump 10.13  Distrib 8.0.20, for Win64 (x86_64)
--
-- Host: localhost    Database: sgaprog2
-- ------------------------------------------------------
-- Server version	8.0.20

/*!40101 SET @OLD_CHARACTER_SET_CLIENT=@@CHARACTER_SET_CLIENT */;
/*!40101 SET @OLD_CHARACTER_SET_RESULTS=@@CHARACTER_SET_RESULTS */;
/*!40101 SET @OLD_COLLATION_CONNECTION=@@COLLATION_CONNECTION */;
/*!50503 SET NAMES utf8 */;
/*!40103 SET @OLD_TIME_ZONE=@@TIME_ZONE */;
/*!40103 SET TIME_ZONE='+00:00' */;
/*!40014 SET @OLD_UNIQUE_CHECKS=@@UNIQUE_CHECKS, UNIQUE_CHECKS=0 */;
/*!40014 SET @OLD_FOREIGN_KEY_CHECKS=@@FOREIGN_KEY_CHECKS, FOREIGN_KEY_CHECKS=0 */;
/*!40101 SET @OLD_SQL_MODE=@@SQL_MODE, SQL_MODE='NO_AUTO_VALUE_ON_ZERO' */;
/*!40111 SET @OLD_SQL_NOTES=@@SQL_NOTES, SQL_NOTES=0 */;

--
-- Table structure for table `alumno`
--

DROP TABLE IF EXISTS `alumno`;
/*!40101 SET @saved_cs_client     = @@character_set_client */;
/*!50503 SET character_set_client = utf8mb4 */;
CREATE TABLE `alumno` (
  `alu_dni` int NOT NULL,
  `alu_nombre` varchar(45) DEFAULT NULL,
  `alu_apellido` varchar(45) DEFAULT NULL,
  `alu_fec_nac` date DEFAULT NULL,
  `alu_domicilio` varchar(45) DEFAULT NULL,
  `alu_telefono` varchar(45) DEFAULT NULL,
  `alu_insc_cod` int DEFAULT NULL,
  PRIMARY KEY (`alu_dni`),
  UNIQUE KEY `alu_dni_UNIQUE` (`alu_dni`),
  KEY `FK_inscripcion_idx` (`alu_insc_cod`),
  CONSTRAINT `FK_inscripcion` FOREIGN KEY (`alu_insc_cod`) REFERENCES `inscripcion` (`insc_cod`) ON DELETE SET NULL ON UPDATE SET NULL
) ENGINE=InnoDB DEFAULT CHARSET=latin1;
/*!40101 SET character_set_client = @saved_cs_client */;

--
-- Dumping data for table `alumno`
--

LOCK TABLES `alumno` WRITE;
/*!40000 ALTER TABLE `alumno` DISABLE KEYS */;
INSERT INTO `alumno` VALUES (9564857,'Rut','Romera','2012-06-21','San Juan','+2647564657',4432),(13457345,'Carmelo','Del Rio','2012-06-21','San Juan','+2647564657',NULL),(43678645,'Joseba','Infante','2020-06-11','Mendoza','+2617564657',1123),(45678345,'Maria','Freire','2020-06-11','Mendoza','+2617564657',NULL),(65678345,'Jaume','Polo','2020-06-11','Mendoza','+2617564657',NULL),(78465756,'Erika','Poveda','2020-06-11','Mendoza','+2617564657',NULL),(84293483,'Amadeo','Romera','2012-06-21','San Juan','+2647564657',NULL),(85351098,'Geronimo','Del Castillo','2012-06-21','San Juan','+2647564657',NULL),(85647564,'Iñigo','Barbera','2020-06-11','Mendoza','+2617564657',NULL),(94536574,'Nicolasa','Padilla','2012-06-21','Mendoza','+2617564657',NULL);
/*!40000 ALTER TABLE `alumno` ENABLE KEYS */;
UNLOCK TABLES;

--
-- Table structure for table `carrera`
--

DROP TABLE IF EXISTS `carrera`;
/*!40101 SET @saved_cs_client     = @@character_set_client */;
/*!50503 SET character_set_client = utf8mb4 */;
CREATE TABLE `carrera` (
  `car_cod` int NOT NULL,
  `car_nombre` varchar(45) DEFAULT NULL,
  `car_duracion` varchar(45) DEFAULT NULL,
  PRIMARY KEY (`car_cod`)
) ENGINE=InnoDB DEFAULT CHARSET=latin1;
/*!40101 SET character_set_client = @saved_cs_client */;

--
-- Dumping data for table `carrera`
--

LOCK TABLES `carrera` WRITE;
/*!40000 ALTER TABLE `carrera` DISABLE KEYS */;
INSERT INTO `carrera` VALUES (32,'Ciencias De La Computacion','5 Años'),(323,'Ingenieria Civil','5 Años'),(546,'Licenciatura en Higiene y Seguridad','2 Años'),(5464,'Licenciatura en Enología','2 Años'),(35464,'Tec. Superior en Programación','2 Años');
/*!40000 ALTER TABLE `carrera` ENABLE KEYS */;
UNLOCK TABLES;

--
-- Table structure for table `cursado`
--

DROP TABLE IF EXISTS `cursado`;
/*!40101 SET @saved_cs_client     = @@character_set_client */;
/*!50503 SET character_set_client = utf8mb4 */;
CREATE TABLE `cursado` (
  `cur_alu_dni` int NOT NULL,
  `cur_mat_cod` int DEFAULT NULL,
  `cur_nota` double DEFAULT NULL,
  PRIMARY KEY (`cur_alu_dni`),
  KEY `FK_materia_idx` (`cur_mat_cod`),
  CONSTRAINT `FK_materia` FOREIGN KEY (`cur_mat_cod`) REFERENCES `materia` (`mat_cod`) ON DELETE SET NULL ON UPDATE SET NULL
) ENGINE=InnoDB DEFAULT CHARSET=latin1;
/*!40101 SET character_set_client = @saved_cs_client */;

--
-- Dumping data for table `cursado`
--

LOCK TABLES `cursado` WRITE;
/*!40000 ALTER TABLE `cursado` DISABLE KEYS */;
INSERT INTO `cursado` VALUES (9564857,135,8),(78465756,136,10);
/*!40000 ALTER TABLE `cursado` ENABLE KEYS */;
UNLOCK TABLES;

--
-- Table structure for table `inscripcion`
--

DROP TABLE IF EXISTS `inscripcion`;
/*!40101 SET @saved_cs_client     = @@character_set_client */;
/*!50503 SET character_set_client = utf8mb4 */;
CREATE TABLE `inscripcion` (
  `insc_cod` int NOT NULL,
  `insc_nombre` varchar(45) DEFAULT NULL,
  `insc_fecha` date DEFAULT NULL,
  `insc_car_cod` int DEFAULT NULL,
  PRIMARY KEY (`insc_cod`),
  KEY `FK_carrera_idx` (`insc_car_cod`),
  CONSTRAINT `FK_carrera` FOREIGN KEY (`insc_car_cod`) REFERENCES `carrera` (`car_cod`) ON DELETE SET NULL ON UPDATE SET NULL
) ENGINE=InnoDB DEFAULT CHARSET=latin1;
/*!40101 SET character_set_client = @saved_cs_client */;

--
-- Dumping data for table `inscripcion`
--

LOCK TABLES `inscripcion` WRITE;
/*!40000 ALTER TABLE `inscripcion` DISABLE KEYS */;
INSERT INTO `inscripcion` VALUES (1123,'Joseba Infante','2020-06-12',5464),(4432,'Rut Romera','2020-06-12',32);
/*!40000 ALTER TABLE `inscripcion` ENABLE KEYS */;
UNLOCK TABLES;

--
-- Table structure for table `materia`
--

DROP TABLE IF EXISTS `materia`;
/*!40101 SET @saved_cs_client     = @@character_set_client */;
/*!50503 SET character_set_client = utf8mb4 */;
CREATE TABLE `materia` (
  `mat_cod` int NOT NULL,
  `mat_nombre` varchar(45) DEFAULT NULL,
  `mat_prof_dni` int DEFAULT NULL,
  PRIMARY KEY (`mat_cod`),
  KEY `FK_profesor_idx` (`mat_prof_dni`),
  CONSTRAINT `FK_profesor` FOREIGN KEY (`mat_prof_dni`) REFERENCES `profesor` (`prof_dni`) ON DELETE SET NULL ON UPDATE SET NULL
) ENGINE=InnoDB DEFAULT CHARSET=latin1;
/*!40101 SET character_set_client = @saved_cs_client */;

--
-- Dumping data for table `materia`
--

LOCK TABLES `materia` WRITE;
/*!40000 ALTER TABLE `materia` DISABLE KEYS */;
INSERT INTO `materia` VALUES (134,'Matematica',35112416),(135,'Quimica',47112111),(136,'Robotica',47112111),(137,'Fisica Nuclear',47118211);
/*!40000 ALTER TABLE `materia` ENABLE KEYS */;
UNLOCK TABLES;

--
-- Table structure for table `profesor`
--

DROP TABLE IF EXISTS `profesor`;
/*!40101 SET @saved_cs_client     = @@character_set_client */;
/*!50503 SET character_set_client = utf8mb4 */;
CREATE TABLE `profesor` (
  `prof_dni` int NOT NULL,
  `prof_nombre` varchar(45) DEFAULT NULL,
  `prof_apellido` varchar(45) DEFAULT NULL,
  `prof_fec_nac` varchar(45) DEFAULT NULL,
  `prof_domicilio` varchar(45) DEFAULT NULL,
  `prof_telefono` varchar(45) DEFAULT NULL,
  PRIMARY KEY (`prof_dni`)
) ENGINE=InnoDB DEFAULT CHARSET=latin1;
/*!40101 SET character_set_client = @saved_cs_client */;

--
-- Dumping data for table `profesor`
--

LOCK TABLES `profesor` WRITE;
/*!40000 ALTER TABLE `profesor` DISABLE KEYS */;
INSERT INTO `profesor` VALUES (35112416,'Maximino','De La Fuente','2020-06-17','Neuquen','+235854732'),(47112111,'Geronimo','Chen','2020-06-17','Neuquen','+235854732'),(47118211,'Ernesto','Vera','2020-06-17','Neuquen','+235854732'),(47118232,'Eloi','Arjona','2020-06-17','Neuquen','+235854732'),(47238232,'Marcos','Dionisio','2020-06-17','Neuquen','+235854732'),(47238432,'Daniel','Aroca','2020-06-17','Neuquen','+235854732');
/*!40000 ALTER TABLE `profesor` ENABLE KEYS */;
UNLOCK TABLES;
/*!40103 SET TIME_ZONE=@OLD_TIME_ZONE */;

/*!40101 SET SQL_MODE=@OLD_SQL_MODE */;
/*!40014 SET FOREIGN_KEY_CHECKS=@OLD_FOREIGN_KEY_CHECKS */;
/*!40014 SET UNIQUE_CHECKS=@OLD_UNIQUE_CHECKS */;
/*!40101 SET CHARACTER_SET_CLIENT=@OLD_CHARACTER_SET_CLIENT */;
/*!40101 SET CHARACTER_SET_RESULTS=@OLD_CHARACTER_SET_RESULTS */;
/*!40101 SET COLLATION_CONNECTION=@OLD_COLLATION_CONNECTION */;
/*!40111 SET SQL_NOTES=@OLD_SQL_NOTES */;

-- Dump completed on 2020-06-20 23:17:23
